{
  "IcoMoonType": "selection",
  "icons": [
    {
      "icon": {
        "paths": [
          "M982.204 470.204c0 259.687-210.518 470.204-470.204 470.204s-470.204-210.518-470.204-470.204c0-259.687 210.518-470.204 470.204-470.204s470.204 210.518 470.204 470.204z",
          "M512 402.199c-37.449 0-68.010 30.561-68.010 68.010s30.561 68.010 68.010 68.010c37.449 0 68.010-30.561 68.010-68.010s-30.561-68.010-68.010-68.010zM715.98 470.209c0-28.163 0.255-56.071-1.327-84.184-1.581-32.653-9.030-61.632-32.908-85.51-23.928-23.928-52.857-31.326-85.51-32.908-28.163-1.581-56.071-1.326-84.183-1.326-28.163 0-56.071-0.255-84.184 1.326-32.653 1.582-61.632 9.031-85.51 32.908-23.928 23.929-31.326 52.857-32.908 85.51-1.581 28.164-1.326 56.072-1.326 84.184s-0.255 56.071 1.326 84.183c1.582 32.653 9.031 61.633 32.908 85.51 23.929 23.929 52.857 31.327 85.51 32.908 28.163 1.582 56.071 1.327 84.184 1.327 28.163 0 56.071 0.255 84.183-1.327 32.653-1.581 61.633-9.030 85.51-32.908 23.929-23.928 31.327-52.857 32.908-85.51 1.633-28.112 1.327-56.020 1.327-84.183zM512 574.852c-57.908 0-104.643-46.734-104.643-104.642s46.735-104.643 104.643-104.643c57.908 0 104.642 46.735 104.642 104.643s-46.734 104.642-104.642 104.642zM620.929 385.719c-13.52 0-24.439-10.918-24.439-24.438 0-13.521 10.919-24.439 24.439-24.439s24.439 10.918 24.439 24.439c0.004 3.21-0.626 6.39-1.853 9.357-1.227 2.966-3.027 5.662-5.297 7.933-2.271 2.27-4.966 4.070-7.933 5.297s-6.146 1.856-9.357 1.852z"
        ],
        "attrs": [
          {
            "fill": "rgb(255, 255, 255)"
          },
          {
            "fill": "rgb(255, 193, 88)"
          }
        ],
        "isMulticolor": true,
        "isMulticolor2": false,
        "grid": 0,
        "tags": [
          "Group 30"
        ],
        "colorPermutations": {
          "12551938812552552551": [
            {
              "f": 2
            },
            {
              "f": 1
            }
          ]
        }
      },
      "attrs": [
        {
          "fill": "rgb(255, 255, 255)"
        },
        {
          "fill": "rgb(255, 193, 88)"
        }
      ],
      "properties": {
        "order": 18,
        "id": 4,
        "name": "instagram",
        "prevSize": 32
      },
      "setIdx": 0,
      "setId": 4,
      "iconIdx": 0
    },
    {
      "icon": {
        "paths": [
          "M982.204 470.204c0 259.687-210.518 470.204-470.204 470.204s-470.204-210.518-470.204-470.204c0-259.687 210.518-470.204 470.204-470.204s470.204 210.518 470.204 470.204z",
          "M313.469 471.313c0 98.703 71.686 180.779 165.442 197.422v-143.388h-49.633v-55.142h49.633v-44.123c0-49.633 31.98-77.196 77.212-77.196 14.328 0 29.781 2.201 44.107 4.401v50.741h-25.362c-24.271 0-29.78 12.127-29.78 27.579v38.597h52.941l-8.818 55.142h-44.123v143.388c93.756-16.643 165.442-98.703 165.442-197.422 0-109.804-89.339-199.639-198.531-199.639s-198.531 89.835-198.531 199.639z"
        ],
        "attrs": [
          {
            "fill": "rgb(255, 255, 255)"
          },
          {
            "fill": "rgb(255, 193, 88)"
          }
        ],
        "isMulticolor": true,
        "isMulticolor2": false,
        "grid": 0,
        "tags": [
          "Group 29"
        ],
        "colorPermutations": {
          "12551938812552552551": [
            {
              "f": 2
            },
            {
              "f": 1
            }
          ]
        }
      },
      "attrs": [
        {
          "fill": "rgb(255, 255, 255)"
        },
        {
          "fill": "rgb(255, 193, 88)"
        }
      ],
      "properties": {
        "order": 17,
        "id": 3,
        "name": "facebook",
        "prevSize": 32
      },
      "setIdx": 0,
      "setId": 4,
      "iconIdx": 1
    },
    {
      "icon": {
        "paths": [
          "M128 512h768",
          "M128 256h768",
          "M128 768h768"
        ],
        "attrs": [
          {
            "fill": "none",
            "strokeLinejoin": "round",
            "strokeLinecap": "round",
            "strokeMiterlimit": "4",
            "strokeWidth": 40.15686274509804
          },
          {
            "fill": "none",
            "strokeLinejoin": "round",
            "strokeLinecap": "round",
            "strokeMiterlimit": "4",
            "strokeWidth": 40.15686274509804
          },
          {
            "fill": "none",
            "strokeLinejoin": "round",
            "strokeLinecap": "round",
            "strokeMiterlimit": "4",
            "strokeWidth": 40.15686274509804
          }
        ],
        "isMulticolor": false,
        "isMulticolor2": false,
        "grid": 0,
        "tags": [
          "menu"
        ],
        "colorPermutations": {
          "12551938812552552551": [
            {
              "s": 0
            },
            {
              "s": 0
            },
            {
              "s": 0
            }
          ]
        }
      },
      "attrs": [
        {
          "fill": "none",
          "strokeLinejoin": "round",
          "strokeLinecap": "round",
          "strokeMiterlimit": "4",
          "strokeWidth": 40.15686274509804
        },
        {
          "fill": "none",
          "strokeLinejoin": "round",
          "strokeLinecap": "round",
          "strokeMiterlimit": "4",
          "strokeWidth": 40.15686274509804
        },
        {
          "fill": "none",
          "strokeLinejoin": "round",
          "strokeLinecap": "round",
          "strokeMiterlimit": "4",
          "strokeWidth": 40.15686274509804
        }
      ],
      "properties": {
        "order": 16,
        "id": 1,
        "name": "menu",
        "prevSize": 32
      },
      "setIdx": 0,
      "setId": 4,
      "iconIdx": 2
    },
    {
      "icon": {
        "paths": [
          "M768 256l-512 512",
          "M256 256l512 512"
        ],
        "attrs": [
          {
            "fill": "none",
            "strokeLinejoin": "round",
            "strokeLinecap": "round",
            "strokeMiterlimit": "4",
            "strokeWidth": 33.03225806451613
          },
          {
            "fill": "none",
            "strokeLinejoin": "round",
            "strokeLinecap": "round",
            "strokeMiterlimit": "4",
            "strokeWidth": 33.03225806451613
          }
        ],
        "isMulticolor": false,
        "isMulticolor2": false,
        "grid": 0,
        "tags": [
          "x"
        ],
        "colorPermutations": {
          "12551938812552552551": [
            {
              "s": 0
            },
            {
              "s": 0
            }
          ]
        }
      },
      "attrs": [
        {
          "fill": "none",
          "strokeLinejoin": "round",
          "strokeLinecap": "round",
          "strokeMiterlimit": "4",
          "strokeWidth": 33.03225806451613
        },
        {
          "fill": "none",
          "strokeLinejoin": "round",
          "strokeLinecap": "round",
          "strokeMiterlimit": "4",
          "strokeWidth": 33.03225806451613
        }
      ],
      "properties": {
        "order": 15,
        "id": 0,
        "name": "close",
        "prevSize": 32
      },
      "setIdx": 0,
      "setId": 4,
      "iconIdx": 3
    }
  ],
  "height": 1024,
  "preferences": {
    "showGlyphs": true,
    "showQuickUse": true,
    "showQuickUse2": true,
    "showSVGs": true,
    "fontPref": {
      "prefix": "icon-",
      "metadata": {
        "fontFamily": "icomoon"
      },
      "metrics": {
        "emSize": 1024,
        "baseline": 6.25,
        "whitespace": 50
      },
      "embed": false,
      "hideFormats": false
    },
    "imagePref": {
      "prefix": "icon-",
      "png": true,
      "useClassSelector": true,
      "color": 0,
      "bgColor": 16777215,
      "classSelector": ".icon",
      "name": "icomoon",
      "height": 32,
      "columns": 16,
      "margin": 16
    },
    "historySize": 50,
    "showCodes": true,
    "gridSize": 16
  }
}